sku_id,forecast_date,forecast_units,model
SKU001,21-12-2025,110,seasonal_naive
SKU001,28-12-2025,110,seasonal_naive
SKU001,04-01-2026,110,seasonal_naive
SKU001,11-01-2026,110,seasonal_naive
SKU002,21-12-2025,154,seasonal_naive
SKU002,28-12-2025,154,seasonal_naive
SKU002,04-01-2026,154,seasonal_naive
SKU002,11-01-2026,154,seasonal_naive
SKU003,21-12-2025,178,seasonal_naive
SKU003,28-12-2025,157,seasonal_naive
SKU003,04-01-2026,31,seasonal_naive
SKU003,11-01-2026,150,seasonal_naive
SKU004,21-12-2025,171,seasonal_naive
SKU004,28-12-2025,171,seasonal_naive
SKU004,04-01-2026,171,seasonal_naive
SKU004,11-01-2026,171,seasonal_naive
SKU005,21-12-2025,55,seasonal_naive
SKU005,28-12-2025,55,seasonal_naive
SKU005,04-01-2026,55,seasonal_naive
SKU005,11-01-2026,55,seasonal_naive
SKU006,21-12-2025,85,seasonal_naive
SKU006,28-12-2025,38,seasonal_naive
SKU006,04-01-2026,69,seasonal_naive
SKU006,11-01-2026,80,seasonal_naive
SKU007,21-12-2025,152,seasonal_naive
SKU007,28-12-2025,152,seasonal_naive
SKU007,04-01-2026,152,seasonal_naive
SKU007,11-01-2026,152,seasonal_naive
SKU008,21-12-2025,270,seasonal_naive
SKU008,28-12-2025,102,seasonal_naive
SKU008,04-01-2026,195,seasonal_naive
SKU008,11-01-2026,181,seasonal_naive
SKU009,21-12-2025,152,seasonal_naive
SKU009,28-12-2025,157,seasonal_naive
SKU009,04-01-2026,29,seasonal_naive
SKU009,11-01-2026,127,seasonal_naive
SKU010,21-12-2025,76,seasonal_naive
SKU010,28-12-2025,76,seasonal_naive
SKU010,04-01-2026,76,seasonal_naive
SKU010,11-01-2026,76,seasonal_naive
SKU011,21-12-2025,167,seasonal_naive
SKU011,28-12-2025,167,seasonal_naive
SKU011,04-01-2026,167,seasonal_naive
SKU011,11-01-2026,167,seasonal_naive
SKU012,21-12-2025,180,seasonal_naive
SKU012,28-12-2025,180,seasonal_naive
SKU012,04-01-2026,180,seasonal_naive
SKU012,11-01-2026,180,seasonal_naive
SKU013,21-12-2025,67,seasonal_naive
SKU013,28-12-2025,67,seasonal_naive
SKU013,04-01-2026,67,seasonal_naive
SKU013,11-01-2026,67,seasonal_naive
SKU014,21-12-2025,100,seasonal_naive
SKU014,28-12-2025,100,seasonal_naive
SKU014,04-01-2026,100,seasonal_naive
SKU014,11-01-2026,100,seasonal_naive
SKU015,21-12-2025,141,seasonal_naive
SKU015,28-12-2025,133,seasonal_naive
SKU015,04-01-2026,30,seasonal_naive
SKU015,11-01-2026,106,seasonal_naive
SKU016,21-12-2025,136,seasonal_naive
SKU016,28-12-2025,136,seasonal_naive
SKU016,04-01-2026,136,seasonal_naive
SKU016,11-01-2026,136,seasonal_naive
SKU017,21-12-2025,150,seasonal_naive
SKU017,28-12-2025,45,seasonal_naive
SKU017,04-01-2026,97,seasonal_naive
SKU017,11-01-2026,105,seasonal_naive
SKU018,21-12-2025,120,seasonal_naive
SKU018,28-12-2025,42,seasonal_naive
SKU018,04-01-2026,65,seasonal_naive
SKU018,11-01-2026,94,seasonal_naive
SKU019,21-12-2025,53,seasonal_naive
SKU019,28-12-2025,32,seasonal_naive
SKU019,04-01-2026,64,seasonal_naive
SKU019,11-01-2026,11,seasonal_naive
SKU020,21-12-2025,7,seasonal_naive
SKU020,28-12-2025,54,seasonal_naive
SKU020,04-01-2026,15,seasonal_naive
SKU020,11-01-2026,34,seasonal_naive
SKU021,21-12-2025,227,seasonal_naive
SKU021,28-12-2025,227,seasonal_naive
SKU021,04-01-2026,227,seasonal_naive
SKU021,11-01-2026,227,seasonal_naive
SKU022,21-12-2025,216,seasonal_naive
SKU022,28-12-2025,216,seasonal_naive
SKU022,04-01-2026,216,seasonal_naive
SKU022,11-01-2026,216,seasonal_naive
SKU023,21-12-2025,99,seasonal_naive
SKU023,28-12-2025,99,seasonal_naive
SKU023,04-01-2026,99,seasonal_naive
SKU023,11-01-2026,99,seasonal_naive
SKU024,21-12-2025,237,seasonal_naive
SKU024,28-12-2025,237,seasonal_naive
SKU024,04-01-2026,237,seasonal_naive
SKU024,11-01-2026,237,seasonal_naive
SKU025,21-12-2025,151,seasonal_naive
SKU025,28-12-2025,151,seasonal_naive
SKU025,04-01-2026,151,seasonal_naive
SKU025,11-01-2026,151,seasonal_naive
SKU026,21-12-2025,117,seasonal_naive
SKU026,28-12-2025,117,seasonal_naive
SKU026,04-01-2026,117,seasonal_naive
SKU026,11-01-2026,117,seasonal_naive
SKU027,21-12-2025,171,seasonal_naive
SKU027,28-12-2025,54,seasonal_naive
SKU027,04-01-2026,113,seasonal_naive
SKU027,11-01-2026,121,seasonal_naive
SKU028,21-12-2025,45,seasonal_naive
SKU028,28-12-2025,45,seasonal_naive
SKU028,04-01-2026,45,seasonal_naive
SKU028,11-01-2026,45,seasonal_naive
SKU029,21-12-2025,18,seasonal_naive
SKU029,28-12-2025,43,seasonal_naive
SKU029,04-01-2026,48,seasonal_naive
SKU029,11-01-2026,32,seasonal_naive
SKU030,21-12-2025,146,seasonal_naive
SKU030,28-12-2025,146,seasonal_naive
SKU030,04-01-2026,146,seasonal_naive
SKU030,11-01-2026,146,seasonal_naive
SKU031,21-12-2025,157,seasonal_naive
SKU031,28-12-2025,167,seasonal_naive
SKU031,04-01-2026,26,seasonal_naive
SKU031,11-01-2026,127,seasonal_naive
SKU032,21-12-2025,79,seasonal_naive
SKU032,28-12-2025,79,seasonal_naive
SKU032,04-01-2026,79,seasonal_naive
SKU032,11-01-2026,79,seasonal_naive
SKU033,21-12-2025,233,seasonal_naive
SKU033,28-12-2025,233,seasonal_naive
SKU033,04-01-2026,233,seasonal_naive
SKU033,11-01-2026,233,seasonal_naive
SKU034,21-12-2025,249,seasonal_naive
SKU034,28-12-2025,34,seasonal_naive
SKU034,04-01-2026,203,seasonal_naive
SKU034,11-01-2026,76,seasonal_naive
SKU035,21-12-2025,54,seasonal_naive
SKU035,28-12-2025,65,seasonal_naive
SKU035,04-01-2026,12,seasonal_naive
SKU035,11-01-2026,44,seasonal_naive
SKU036,21-12-2025,240,seasonal_naive
SKU036,28-12-2025,246,seasonal_naive
SKU036,04-01-2026,50,seasonal_naive
SKU036,11-01-2026,207,seasonal_naive
SKU037,21-12-2025,314,seasonal_naive
SKU037,28-12-2025,56,seasonal_naive
SKU037,04-01-2026,252,seasonal_naive
SKU037,11-01-2026,106,seasonal_naive
SKU038,21-12-2025,227,seasonal_naive
SKU038,28-12-2025,227,seasonal_naive
SKU038,04-01-2026,227,seasonal_naive
SKU038,11-01-2026,227,seasonal_naive
SKU039,21-12-2025,6,seasonal_naive
SKU039,28-12-2025,50,seasonal_naive
SKU039,04-01-2026,15,seasonal_naive
SKU039,11-01-2026,29,seasonal_naive
SKU040,21-12-2025,205,seasonal_naive
SKU040,28-12-2025,205,seasonal_naive
SKU040,04-01-2026,205,seasonal_naive
SKU040,11-01-2026,205,seasonal_naive
SKU041,21-12-2025,174,seasonal_naive
SKU041,28-12-2025,179,seasonal_naive
SKU041,04-01-2026,28,seasonal_naive
SKU041,11-01-2026,136,seasonal_naive
SKU042,21-12-2025,171,seasonal_naive
SKU042,28-12-2025,171,seasonal_naive
SKU042,04-01-2026,171,seasonal_naive
SKU042,11-01-2026,171,seasonal_naive
SKU043,21-12-2025,245,seasonal_naive
SKU043,28-12-2025,245,seasonal_naive
SKU043,04-01-2026,245,seasonal_naive
SKU043,11-01-2026,245,seasonal_naive
SKU044,21-12-2025,182,seasonal_naive
SKU044,28-12-2025,182,seasonal_naive
SKU044,04-01-2026,182,seasonal_naive
SKU044,11-01-2026,182,seasonal_naive
SKU045,21-12-2025,198,seasonal_naive
SKU045,28-12-2025,198,seasonal_naive
SKU045,04-01-2026,198,seasonal_naive
SKU045,11-01-2026,198,seasonal_naive
SKU046,21-12-2025,198,seasonal_naive
SKU046,28-12-2025,198,seasonal_naive
SKU046,04-01-2026,198,seasonal_naive
SKU046,11-01-2026,198,seasonal_naive
SKU047,21-12-2025,228,seasonal_naive
SKU047,28-12-2025,261,seasonal_naive
SKU047,04-01-2026,45,seasonal_naive
SKU047,11-01-2026,189,seasonal_naive
SKU048,21-12-2025,124,seasonal_naive
SKU048,28-12-2025,151,seasonal_naive
SKU048,04-01-2026,22,seasonal_naive
SKU048,11-01-2026,99,seasonal_naive
SKU049,21-12-2025,65,seasonal_naive
SKU049,28-12-2025,65,seasonal_naive
SKU049,04-01-2026,65,seasonal_naive
SKU049,11-01-2026,65,seasonal_naive
SKU050,21-12-2025,111,seasonal_naive
SKU050,28-12-2025,111,seasonal_naive
SKU050,04-01-2026,111,seasonal_naive
SKU050,11-01-2026,111,seasonal_naive
SKU051,21-12-2025,211,seasonal_naive
SKU051,28-12-2025,157,seasonal_naive
SKU051,04-01-2026,309,seasonal_naive
SKU051,11-01-2026,39,seasonal_naive
SKU052,21-12-2025,64,seasonal_naive
SKU052,28-12-2025,76,seasonal_naive
SKU052,04-01-2026,10,seasonal_naive
SKU052,11-01-2026,62,seasonal_naive
SKU053,21-12-2025,184,seasonal_naive
SKU053,28-12-2025,28,seasonal_naive
SKU053,04-01-2026,148,seasonal_naive
SKU053,11-01-2026,56,seasonal_naive
SKU054,21-12-2025,71,seasonal_naive
SKU054,28-12-2025,71,seasonal_naive
SKU054,04-01-2026,71,seasonal_naive
SKU054,11-01-2026,71,seasonal_naive
SKU055,21-12-2025,148,seasonal_naive
SKU055,28-12-2025,148,seasonal_naive
SKU055,04-01-2026,148,seasonal_naive
SKU055,11-01-2026,148,seasonal_naive
SKU056,21-12-2025,228,seasonal_naive
SKU056,28-12-2025,201,seasonal_naive
SKU056,04-01-2026,33,seasonal_naive
SKU056,11-01-2026,167,seasonal_naive
SKU057,21-12-2025,209,seasonal_naive
SKU057,28-12-2025,243,seasonal_naive
SKU057,04-01-2026,35,seasonal_naive
SKU057,11-01-2026,195,seasonal_naive
SKU058,21-12-2025,37,seasonal_naive
SKU058,28-12-2025,93,seasonal_naive
SKU058,04-01-2026,70,seasonal_naive
SKU058,11-01-2026,57,seasonal_naive
SKU059,21-12-2025,231,seasonal_naive
SKU059,28-12-2025,231,seasonal_naive
SKU059,04-01-2026,231,seasonal_naive
SKU059,11-01-2026,231,seasonal_naive
SKU060,21-12-2025,142,seasonal_naive
SKU060,28-12-2025,142,seasonal_naive
SKU060,04-01-2026,142,seasonal_naive
SKU060,11-01-2026,142,seasonal_naive
SKU061,21-12-2025,98,seasonal_naive
SKU061,28-12-2025,98,seasonal_naive
SKU061,04-01-2026,98,seasonal_naive
SKU061,11-01-2026,98,seasonal_naive
SKU062,21-12-2025,85,seasonal_naive
SKU062,28-12-2025,188,seasonal_naive
SKU062,04-01-2026,174,seasonal_naive
SKU062,11-01-2026,133,seasonal_naive
SKU063,21-12-2025,133,seasonal_naive
SKU063,28-12-2025,92,seasonal_naive
SKU063,04-01-2026,165,seasonal_naive
SKU063,11-01-2026,42,seasonal_naive
SKU064,21-12-2025,117,seasonal_naive
SKU064,28-12-2025,117,seasonal_naive
SKU064,04-01-2026,117,seasonal_naive
SKU064,11-01-2026,117,seasonal_naive
SKU065,21-12-2025,162,seasonal_naive
SKU065,28-12-2025,162,seasonal_naive
SKU065,04-01-2026,162,seasonal_naive
SKU065,11-01-2026,162,seasonal_naive
SKU066,21-12-2025,78,seasonal_naive
SKU066,28-12-2025,78,seasonal_naive
SKU066,04-01-2026,78,seasonal_naive
SKU066,11-01-2026,78,seasonal_naive
SKU067,21-12-2025,89,seasonal_naive
SKU067,28-12-2025,89,seasonal_naive
SKU067,04-01-2026,89,seasonal_naive
SKU067,11-01-2026,89,seasonal_naive
SKU068,21-12-2025,120,seasonal_naive
SKU068,28-12-2025,142,seasonal_naive
SKU068,04-01-2026,23,seasonal_naive
SKU068,11-01-2026,124,seasonal_naive
SKU069,21-12-2025,90,seasonal_naive
SKU069,28-12-2025,90,seasonal_naive
SKU069,04-01-2026,90,seasonal_naive
SKU069,11-01-2026,90,seasonal_naive
SKU070,21-12-2025,53,seasonal_naive
SKU070,28-12-2025,134,seasonal_naive
SKU070,04-01-2026,93,seasonal_naive
SKU070,11-01-2026,78,seasonal_naive
SKU071,21-12-2025,152,seasonal_naive
SKU071,28-12-2025,152,seasonal_naive
SKU071,04-01-2026,152,seasonal_naive
SKU071,11-01-2026,152,seasonal_naive
SKU072,21-12-2025,207,seasonal_naive
SKU072,28-12-2025,203,seasonal_naive
SKU072,04-01-2026,43,seasonal_naive
SKU072,11-01-2026,185,seasonal_naive
SKU073,21-12-2025,179,seasonal_naive
SKU073,28-12-2025,179,seasonal_naive
SKU073,04-01-2026,179,seasonal_naive
SKU073,11-01-2026,179,seasonal_naive
SKU074,21-12-2025,212,seasonal_naive
SKU074,28-12-2025,212,seasonal_naive
SKU074,04-01-2026,212,seasonal_naive
SKU074,11-01-2026,212,seasonal_naive
SKU075,21-12-2025,184,seasonal_naive
SKU075,28-12-2025,184,seasonal_naive
SKU075,04-01-2026,184,seasonal_naive
SKU075,11-01-2026,184,seasonal_naive
SKU076,21-12-2025,227,seasonal_naive
SKU076,28-12-2025,23,seasonal_naive
SKU076,04-01-2026,194,seasonal_naive
SKU076,11-01-2026,82,seasonal_naive
SKU077,21-12-2025,79,seasonal_naive
SKU077,28-12-2025,66,seasonal_naive
SKU077,04-01-2026,100,seasonal_naive
SKU077,11-01-2026,28,seasonal_naive
SKU078,21-12-2025,138,seasonal_naive
SKU078,28-12-2025,40,seasonal_naive
SKU078,04-01-2026,97,seasonal_naive
SKU078,11-01-2026,113,seasonal_naive
SKU079,21-12-2025,148,seasonal_naive
SKU079,28-12-2025,21,seasonal_naive
SKU079,04-01-2026,161,seasonal_naive
SKU079,11-01-2026,50,seasonal_naive
SKU080,21-12-2025,57,seasonal_naive
SKU080,28-12-2025,19,seasonal_naive
SKU080,04-01-2026,44,seasonal_naive
SKU080,11-01-2026,42,seasonal_naive
SKU081,21-12-2025,150,seasonal_naive
SKU081,28-12-2025,150,seasonal_naive
SKU081,04-01-2026,150,seasonal_naive
SKU081,11-01-2026,150,seasonal_naive
SKU082,21-12-2025,168,seasonal_naive
SKU082,28-12-2025,21,seasonal_naive
SKU082,04-01-2026,135,seasonal_naive
SKU082,11-01-2026,50,seasonal_naive
SKU083,21-12-2025,258,seasonal_naive
SKU083,28-12-2025,73,seasonal_naive
SKU083,04-01-2026,174,seasonal_naive
SKU083,11-01-2026,196,seasonal_naive
SKU084,21-12-2025,247,seasonal_naive
SKU084,28-12-2025,247,seasonal_naive
SKU084,04-01-2026,247,seasonal_naive
SKU084,11-01-2026,247,seasonal_naive
SKU085,21-12-2025,152,seasonal_naive
SKU085,28-12-2025,152,seasonal_naive
SKU085,04-01-2026,152,seasonal_naive
SKU085,11-01-2026,152,seasonal_naive
SKU086,21-12-2025,20,seasonal_naive
SKU086,28-12-2025,118,seasonal_naive
SKU086,04-01-2026,44,seasonal_naive
SKU086,11-01-2026,71,seasonal_naive
SKU087,21-12-2025,6,seasonal_naive
SKU087,28-12-2025,50,seasonal_naive
SKU087,04-01-2026,14,seasonal_naive
SKU087,11-01-2026,28,seasonal_naive
SKU088,21-12-2025,225,seasonal_naive
SKU088,28-12-2025,225,seasonal_naive
SKU088,04-01-2026,225,seasonal_naive
SKU088,11-01-2026,225,seasonal_naive
SKU089,21-12-2025,223,seasonal_naive
SKU089,28-12-2025,223,seasonal_naive
SKU089,04-01-2026,223,seasonal_naive
SKU089,11-01-2026,223,seasonal_naive
SKU090,21-12-2025,85,seasonal_naive
SKU090,28-12-2025,85,seasonal_naive
SKU090,04-01-2026,85,seasonal_naive
SKU090,11-01-2026,85,seasonal_naive
SKU091,21-12-2025,184,seasonal_naive
SKU091,28-12-2025,221,seasonal_naive
SKU091,04-01-2026,33,seasonal_naive
SKU091,11-01-2026,147,seasonal_naive
SKU092,21-12-2025,41,seasonal_naive
SKU092,28-12-2025,43,seasonal_naive
SKU092,04-01-2026,61,seasonal_naive
SKU092,11-01-2026,16,seasonal_naive
SKU093,21-12-2025,70,seasonal_naive
SKU093,28-12-2025,64,seasonal_naive
SKU093,04-01-2026,12,seasonal_naive
SKU093,11-01-2026,46,seasonal_naive
SKU094,21-12-2025,30,seasonal_naive
SKU094,28-12-2025,80,seasonal_naive
SKU094,04-01-2026,71,seasonal_naive
SKU094,11-01-2026,57,seasonal_naive
SKU095,21-12-2025,89,seasonal_naive
SKU095,28-12-2025,89,seasonal_naive
SKU095,04-01-2026,89,seasonal_naive
SKU095,11-01-2026,89,seasonal_naive
SKU096,21-12-2025,211,seasonal_naive
SKU096,28-12-2025,211,seasonal_naive
SKU096,04-01-2026,211,seasonal_naive
SKU096,11-01-2026,211,seasonal_naive
SKU097,21-12-2025,175,seasonal_naive
SKU097,28-12-2025,175,seasonal_naive
SKU097,04-01-2026,175,seasonal_naive
SKU097,11-01-2026,175,seasonal_naive
SKU098,21-12-2025,21,seasonal_naive
SKU098,28-12-2025,141,seasonal_naive
SKU098,04-01-2026,41,seasonal_naive
SKU098,11-01-2026,83,seasonal_naive
SKU099,21-12-2025,260,seasonal_naive
SKU099,28-12-2025,35,seasonal_naive
SKU099,04-01-2026,205,seasonal_naive
SKU099,11-01-2026,75,seasonal_naive
SKU100,21-12-2025,213,seasonal_naive
SKU100,28-12-2025,213,seasonal_naive
SKU100,04-01-2026,213,seasonal_naive
SKU100,11-01-2026,213,seasonal_naive
